{
  "config": {
    "model_name": "gpt2",
    "sae_dict_size": 512,
    "energy_layers": [
      6,
      8,
      10
    ],
    "max_seq_len": 32,
    "device": "cpu"
  },
  "model_info": {
    "name": "gpt2",
    "n_layers": 12,
    "n_embd": 768,
    "vocab_size": 50257
  },
  "samples": {
    "regex_pattern": {
      "text": "The regex \\d+ matches numbers in text strings effectively.",
      "tokens": [
        "The",
        "\u0120regex",
        "\u0120\\",
        "d",
        "+",
        "\u0120matches",
        "\u0120numbers",
        "\u0120in",
        "\u0120text",
        "\u0120strings",
        "\u0120effectively",
        "."
      ],
      "energy_traces": {
        "6": [
          23.025850296020508,
          23.025850296020508,
          6.392365455627441,
          8.248244285583496,
          22.970985412597656,
          23.025850296020508,
          2.564436674118042,
          23.025850296020508,
          23.025850296020508,
          23.025850296020508,
          7.652486801147461,
          7.652486801147461
        ],
        "8": [
          23.025850296020508,
          23.025850296020508,
          10.59182357788086,
          0.22023779153823853,
          23.025850296020508,
          23.025850296020508,
          2.766422986984253,
          23.025850296020508,
          23.025850296020508,
          23.025850296020508,
          7.668559551239014,
          7.668559551239014
        ],
        "10": [
          23.025850296020508,
          23.025850296020508,
          23.025850296020508,
          14.030513763427734,
          23.025850296020508,
          23.025850296020508,
          5.869119167327881,
          23.025850296020508,
          23.025850296020508,
          23.025850296020508,
          4.7970380783081055,
          4.7970380783081055
        ]
      },
      "energy_stats": {
        "6": {
          "mean": 16.136342267195385,
          "std": 8.250351884603363,
          "min": 2.564436674118042,
          "max": 23.025850296020508
        },
        "8": {
          "mean": 15.841379627585411,
          "std": 8.838545834555141,
          "min": 0.22023779153823853,
          "max": 23.025850296020508
        },
        "10": {
          "mean": 17.80837595462799,
          "std": 7.709216508272307,
          "min": 4.7970380783081055,
          "max": 23.025850296020508
        }
      }
    },
    "code_snippet": {
      "text": "def parse_data(x): return x.strip().split(',') if x else []",
      "tokens": [
        "def",
        "\u0120parse",
        "_",
        "data",
        "(",
        "x",
        "):",
        "\u0120return",
        "\u0120x",
        ".",
        "strip",
        "().",
        "split",
        "(",
        "',",
        "')",
        "\u0120if",
        "\u0120x",
        "\u0120else",
        "\u0120[]"
      ],
      "energy_traces": {
        "6": [
          23.025850296020508,
          15.652536392211914,
          19.449317932128906,
          21.357345581054688,
          16.811426162719727,
          23.025850296020508,
          20.38472557067871,
          22.95010757446289,
          1.8022202253341675,
          23.025850296020508,
          23.025497436523438,
          23.025840759277344,
          7.005741596221924,
          23.02578353881836,
          22.88513946533203,
          12.34814167022705,
          23.024446487426758,
          23.025850296020508,
          22.969573974609375,
          22.969573974609375
        ],
        "8": [
          23.025850296020508,
          18.019224166870117,
          23.025850296020508,
          22.994905471801758,
          17.007766723632812,
          23.025850296020508,
          14.41828441619873,
          20.84720802307129,
          0.6957404613494873,
          23.025850296020508,
          23.025846481323242,
          23.02581787109375,
          6.8094964027404785,
          23.025850296020508,
          23.025850296020508,
          18.613374710083008,
          22.137245178222656,
          23.025850296020508,
          21.76892852783203,
          21.76892852783203
        ],
        "10": [
          23.025850296020508,
          23.01198959350586,
          23.025850296020508,
          23.02581214904785,
          23.025850296020508,
          23.025850296020508,
          23.01926040649414,
          22.99867820739746,
          0.09029065072536469,
          23.025850296020508,
          23.025850296020508,
          23.025850296020508,
          -0.0,
          23.025850296020508,
          23.025850296020508,
          19.408281326293945,
          21.85468864440918,
          23.025850296020508,
          23.025850296020508,
          23.025850296020508
        ]
      },
      "energy_stats": {
        "6": {
          "mean": 19.539540976285934,
          "std": 5.888889936134625,
          "min": 1.8022202253341675,
          "max": 23.025850296020508
        },
        "8": {
          "mean": 19.615685951709747,
          "std": 5.884556276493851,
          "min": 0.6957404613494873,
          "max": 23.025850296020508
        },
        "10": {
          "mean": 20.485960226505995,
          "std": 6.861735369160549,
          "min": -0.0,
          "max": 23.025850296020508
        }
      }
    },
    "natural_language": {
      "text": "The quick brown fox jumps over the lazy sleeping dog.",
      "tokens": [
        "The",
        "\u0120quick",
        "\u0120brown",
        "\u0120fox",
        "\u0120jumps",
        "\u0120over",
        "\u0120the",
        "\u0120lazy",
        "\u0120sleeping",
        "\u0120dog",
        "."
      ],
      "energy_traces": {
        "6": [
          23.025850296020508,
          23.025850296020508,
          23.025850296020508,
          23.025850296020508,
          13.127640724182129,
          0.00036305817775428295,
          23.021169662475586,
          23.025850296020508,
          23.02577018737793,
          4.62145471572876,
          4.62145471572876
        ],
        "8": [
          23.025850296020508,
          23.025850296020508,
          23.025850296020508,
          23.025850296020508,
          15.254955291748047,
          4.768372718899627e-07,
          23.025850296020508,
          23.025850296020508,
          23.025850296020508,
          4.235772132873535,
          4.235772132873535
        ],
        "10": [
          23.025850296020508,
          23.025850296020508,
          23.025850296020508,
          23.025850296020508,
          23.02530860900879,
          -0.0,
          23.025850296020508,
          23.025850296020508,
          23.025850296020508,
          10.877176284790039,
          10.877176284790039
        ]
      },
      "energy_stats": {
        "6": {
          "mean": 16.686100413070314,
          "std": 8.859891627556626,
          "min": 0.00036305817775428295,
          "max": 23.025850296020508
        },
        "8": {
          "mean": 16.809768373315993,
          "std": 8.901859992821931,
          "min": 4.768372718899627e-07,
          "max": 23.025850296020508
        },
        "10": {
          "mean": 18.72369211370295,
          "std": 7.518317796180233,
          "min": -0.0,
          "max": 23.025850296020508
        }
      }
    },
    "mathematical": {
      "text": "The derivative of x squared equals two times x by power rule.",
      "tokens": [
        "The",
        "\u0120derivative",
        "\u0120of",
        "\u0120x",
        "\u0120squared",
        "\u0120equals",
        "\u0120two",
        "\u0120times",
        "\u0120x",
        "\u0120by",
        "\u0120power",
        "\u0120rule",
        "."
      ],