{
  "efficiency_metrics": {
    "average_routing_entropy": 2.740663170814514,
    "efficiency_score": 0.011514708679719599,
    "theoretical_speedup": 16.184235338875514
  },
  "interpretability_metrics": {
    "energy_routing_correlations": [
      0.5214910507202148,
      -0.3494914770126343,
      0.19411836564540863,
      -0.1258181631565094,
      -0.48730772733688354,
      -0.2599600851535797
    ],
    "average_correlation": -0.08449467271566391,
    "interpretability_score": -0.08449467271566391,
    "routing_consistency": 0.34395283766770524
  },
  "routing_analysis_summary": {
    "num_layers": 6,
    "routing_entropies": [
      2.720402956008911,
      2.7446799278259277,
      2.7457594871520996,
      2.745177745819092,
      2.744448184967041,
      2.7435107231140137
    ],
    "energy_correlations": [
      0.5214910507202148,
      -0.3494914770126343,
      0.19411836564540863,
      -0.1258181631565094,
      -0.48730772733688354,
      -0.2599600851535797
    ]
  }
}